Actual,Predicted
4.8,4.727832
4.8,4.7401805
5.0,4.5299463
4.1,4.5568104
4.4,4.604761
4.5,4.7176437
4.8,4.6964073
4.6,4.729985
4.8,4.6685658
4.6,4.730494
4.8,4.7419615
4.3,4.5462556
4.7,4.6885023
4.8,4.7094817
4.7,4.752034
4.5,4.6859055
4.9,4.621038
4.1,4.497173
4.7,4.234017
4.9,4.7261457
4.8,4.683755
4.6,4.7343016
4.4,4.0128717
4.6,4.766101
4.6,4.736164
4.9,4.7533674
4.9,4.6474032
4.8,4.713147
5.0,4.76236
5.0,4.5321918
4.6,4.720046
4.6,4.697779
4.9,4.743209
4.6,4.725959
4.9,4.8219614
4.6,4.72075
4.9,4.438572
4.8,4.589666
5.0,4.733021
4.7,4.702445
5.0,4.738935
4.7,4.5024633
5.0,4.6563168
4.9,4.547469
4.6,4.703722
4.6,4.724906
4.7,4.6954246
4.6,4.7122183
4.4,4.6485367
4.9,4.718869
4.6,4.6814466
4.9,4.5811586
4.0,4.2859073
5.0,4.704384
4.6,4.7152653
4.8,4.5699897
4.8,4.7413993
4.5,4.752142
4.6,4.678466
4.8,4.7102594
4.4,4.507244
5.0,4.748453
5.0,4.7995796
5.0,4.6417446
4.8,4.6018476
4.7,4.5677214
4.8,4.6762905
4.9,4.7607656
4.8,4.7931385
4.8,4.5225034
4.4,4.2584705
4.7,4.676933
5.0,4.499453
4.3,4.6196146
4.3,4.360057
5.0,4.7601037
4.7,4.7718806
4.9,4.5555387
4.7,4.7019534
5.0,4.6768503
4.0,4.230517
4.7,4.705253
4.8,4.7107067
4.5,4.441087
4.7,4.692503
4.7,4.666989
4.8,4.720722
4.8,4.696953
4.8,4.7704186
4.7,4.6689353
4.2,4.6087346
4.6,4.76005
4.5,4.734781
4.5,4.7681246
4.7,4.7480326
4.8,4.5548444
4.6,4.744562
5.0,4.8265085
4.6,4.652608
4.8,4.8280597
4.7,4.6958475
4.9,4.731142
4.5,4.2831306
4.0,4.5352435
4.9,4.7153926
4.5,4.577429
4.8,4.724059
4.1,4.5818253
4.1,4.1779013
4.7,4.731127
4.8,4.701454
4.1,4.5718412
4.3,4.3225813
4.8,4.7625475
4.6,4.717968
4.5,4.6902018
4.9,4.6968756
4.5,4.725257
4.8,4.6811867
4.6,4.712534
4.9,4.727248
5.0,4.751647
4.5,4.702727
3.8,4.38189
4.6,4.6742563
4.6,4.756324
4.1,4.50976
4.6,4.8119392
4.8,4.700989
4.4,4.2307014
4.8,4.2149925
4.6,4.7350106
4.2,4.271693
4.7,4.7255864
5.0,4.7193527
5.0,4.530237
4.5,4.699433
4.8,4.795384
4.3,4.49593
4.8,4.5207424
4.7,4.7524853
4.5,4.8009005
4.5,4.7455297
5.0,4.6001472
4.9,4.7013044
4.7,4.666031
4.6,4.556636
4.8,4.754856
4.3,4.6488075
5.0,4.720375
4.7,4.5749245
4.8,4.609687
4.9,4.77136
4.8,4.6614623
4.8,4.7338963
4.8,4.839463
4.8,4.679464
4.6,4.538977
4.9,4.701399
4.6,4.7563496
4.9,4.7306786
4.9,4.800729
4.6,4.6971045
4.9,4.6924987
4.9,4.771657
4.6,4.724679
4.2,4.4963636
4.0,4.2848663
3.8,4.0890794
4.0,4.503435
4.9,4.424575
3.6,4.0965896
4.8,4.69706
4.7,4.6714535
3.5,4.0201354
4.6,4.7579308
4.9,4.6393757
4.6,4.697297
4.7,4.7185907
4.7,4.6771145
4.0,4.2869167
4.9,4.6652436
4.7,4.6708393
4.6,4.689226
4.5,4.772702
4.9,4.8016434
4.3,4.539327
4.7,4.771367
4.8,4.6144123
4.7,4.738231
3.8,4.061709
4.4,4.2289886
4.7,4.70376
4.4,4.175606
4.3,4.5382376
4.4,4.225252
4.4,4.496894
4.5,4.7834415
4.9,4.7659
4.6,4.5386353
4.9,4.70895
4.5,4.741452
4.6,4.731722
4.0,4.5190535
4.9,4.6883187
4.5,4.756052
4.8,4.4590273
4.8,4.742841
4.6,4.716186
4.5,4.2648783
4.9,4.7589593
4.9,4.7256
4.9,4.5195417
4.9,4.495962
4.6,4.701953
4.2,4.248675
5.0,4.5320535
4.9,4.712184
4.7,4.5103984
4.8,4.5935717
5.0,4.74261
4.9,4.718356
4.6,4.734256
4.9,4.723854
4.6,4.701254
5.0,4.606123
4.6,4.7072544
4.6,4.7014427
4.5,4.676632
4.8,4.715246
4.2,4.5122433
4.8,4.80452
4.0,4.5062213
4.9,4.503478
4.9,4.7511797
4.4,4.4446588
5.0,4.4929523
4.5,4.7399435
4.9,4.8012643
4.6,4.1273575
5.0,4.6575603
4.9,4.67987
4.9,4.6530714
4.8,4.712281
4.6,4.6449413
4.9,4.7013454
4.9,4.7092433
4.7,4.69716
4.2,4.177815
4.2,4.3228536
5.0,4.734546
4.1,4.0677624
4.6,4.671199
4.9,4.7321196
4.7,4.701727
5.0,4.742189
4.8,4.666461
4.2,4.0169053
4.6,4.7727056
4.7,4.6764736
4.0,4.495328
4.5,4.7644377
4.4,4.5483575
4.4,4.454758
3.8,4.122316
4.3,4.1382604
4.6,4.7692776
4.8,4.6245146
4.9,4.7394958
4.8,4.7475452
4.4,4.1442614
4.7,4.551639
4.8,4.5895443
4.7,4.792555
4.8,4.5806746
5.0,4.7972984
4.1,4.4946203
4.7,4.5228887
4.7,4.702953
4.8,4.7172747
4.7,4.705559
4.6,4.695419
4.8,4.694259
5.0,4.462447
4.9,4.6942534
4.7,4.7443647
4.6,4.664947
4.9,4.731102
4.7,4.694625
4.4,4.5565767
4.5,4.6021166
4.8,4.750704
4.3,4.4136353
5.0,4.752288
4.1,4.3141356
5.0,4.767631
4.8,4.7053022
5.0,4.739167
5.0,4.637937
4.8,4.626245
4.8,4.6813836
4.5,4.646496
4.9,4.717328
4.3,4.1105523
4.8,4.7065105
4.9,4.698286
4.7,4.7124653
4.9,4.731166
4.1,4.5359635
4.7,4.7241335
4.3,4.251809
4.9,4.6498137
4.7,4.728942
4.2,4.2401376
4.7,4.5985293
4.9,4.7483277
4.8,4.7155
4.9,4.7398686
4.6,4.682684
4.5,4.694626
4.7,4.673614
4.6,4.666127
4.5,4.4464884
5.0,4.453884
4.9,4.734397
4.9,4.4712234
4.8,4.494501
4.0,4.6158323
4.6,4.5721993
4.2,4.639803
4.6,4.711912
4.7,4.6931753
4.8,4.6425123
5.0,4.6304045
4.7,4.7623634
4.8,4.733953
4.1,3.9334111
4.9,4.683709
5.0,4.773167
4.9,4.718503
4.1,4.5693502
4.6,4.7524443
4.9,4.74464
4.3,4.3764324
4.8,4.8291864
4.3,4.4762273
4.8,4.6785655
4.8,4.749255
4.9,4.729595
4.9,4.617647
4.7,4.710519
4.9,4.574294
4.3,4.5025015
5.0,4.7526054
4.9,4.727071
4.7,4.6963654
4.7,4.6051006
4.9,4.730716
4.4,4.4958687
4.9,4.4927616
4.8,4.835373
4.3,4.500079
4.8,4.6993837
5.0,4.5130177
4.7,4.6269145
4.3,4.3894205
4.8,4.6581607
4.5,4.324131
4.7,4.726006
4.1,4.1885047
4.6,4.6877637
4.4,4.5117702
4.9,4.6647835
4.7,4.7121763
3.8,4.1077766
4.9,4.7044363
4.9,4.6963663
4.9,4.6925006
4.6,4.718585
4.5,4.6547365
3.5,3.959411
4.8,4.694126
4.6,4.784572
4.5,4.67313
4.6,4.672284
4.3,4.1176167
4.9,4.6417027
4.9,4.593727
4.5,4.7047257
4.9,4.7365317
4.9,4.818453
3.7,4.0275254
4.6,4.7578163
5.0,4.8446493
4.7,4.733954
4.1,4.5009656
4.6,4.737962
4.8,4.8295736
5.0,4.708649
4.6,4.748782
4.9,4.6575994
4.7,4.6528864
4.8,4.700509
4.9,4.7283554
4.8,4.662434
4.3,4.4326377
4.7,4.7243214
4.9,4.7260513
4.5,4.771039
4.7,4.691312
4.9,4.807656
4.2,4.446471
4.4,4.532278
4.2,4.33208
4.5,4.6285267
4.4,4.336352
4.3,4.522197
5.0,4.7173715
4.8,4.8132763
4.6,4.5085325
4.8,4.8392987
4.5,4.048244
4.7,4.7104053
4.8,4.769329
5.0,4.7301903
4.6,4.584877
5.0,4.6464767
4.5,4.756213
4.9,4.751442
4.7,4.7002983
4.7,4.751677
4.4,4.4492817
4.6,4.64962
4.8,4.758064
4.7,4.775752
4.7,4.715531
4.6,4.6757693
4.7,4.7397223
4.2,4.476426
4.8,4.6763744
4.9,4.636301
4.9,4.498025
4.6,4.6933756
4.9,4.7460356
4.7,4.6622148
4.6,4.633008
4.8,4.721524
4.7,4.390419
4.6,4.5912046
4.7,4.6745863
4.6,4.6164875
4.3,4.123607
4.7,4.79094
4.7,4.7270875
4.1,4.459274
4.9,4.652018
4.6,4.7296433
4.7,4.498868
4.9,4.656291
4.9,4.737432
4.3,4.5757456
5.0,4.7109337
4.8,4.7095785
4.7,4.696138
4.3,4.4650164
4.5,4.7228346
4.5,4.800905
4.5,4.802816
4.7,4.7711134
4.5,4.698392
4.6,4.6899767
4.7,4.7162304
4.6,4.621339
5.0,4.6997104
4.8,4.69836
4.8,4.6756105
4.6,4.7518888
4.7,4.7425804
4.8,4.5010567
4.5,4.6697454
4.8,4.462979
4.6,4.6207495
4.7,4.790939
5.0,4.605877
4.7,4.5407295
4.7,4.5952444
5.0,4.71317
4.9,4.784064
4.7,4.5230656
4.6,4.7394795
4.8,4.6505156
4.7,4.731802
5.0,4.7004123
5.0,4.7149634
4.4,4.0967693
5.0,4.612054
4.3,4.529919
4.6,4.616934
4.9,4.691551
4.9,4.700141
4.6,4.710991
5.0,4.681949
4.7,4.55949
4.7,4.653766
4.6,4.649994
4.8,4.832348
4.6,4.480171
4.6,4.750082
4.8,4.658718
4.7,4.754933
4.1,4.586993
4.7,4.680327
4.6,4.7553425
4.8,4.7245245
4.6,4.714793
4.8,4.7640076
5.0,4.7587996
4.4,4.487586
4.8,4.5840945
4.7,4.687706
4.6,4.709895
4.5,4.7582836
3.5,4.0249624
4.5,4.7277975
4.7,4.6057067
4.3,4.144083
4.7,4.7557564
5.0,4.7523737
4.5,4.634583
5.0,4.764091
4.9,4.688883
4.8,4.7601776
5.0,4.766573
4.9,4.720771
4.8,4.7819643
5.0,4.7442226
4.6,4.71309
4.4,4.1789637
4.9,4.6704745
3.6,4.4084525
4.9,4.704194
4.6,4.6248746
4.0,4.440115
4.7,4.7372975
4.9,4.6830125
4.5,4.7295566
4.1,4.3064423
4.7,4.6569934
5.0,4.8113804
4.8,4.6484556
4.7,4.5384398
4.9,4.6820273
5.0,4.691887
4.8,4.7373977
4.9,4.6974144
4.0,4.210136
4.1,4.357938
4.6,4.751714
5.0,4.7347035
4.8,4.6797156
4.8,4.7261744
4.7,4.816886
4.8,4.4373274
4.1,4.2810383
4.9,4.6278915
4.9,4.5287824
4.6,4.7268105
4.6,4.7190228
4.8,4.692436
5.0,4.655263
4.7,4.666807
4.8,4.4710855
4.7,4.6389666
4.2,4.536989
4.0,4.248702
4.1,4.5306206
5.0,4.7276325
4.8,4.7029457
4.2,4.5697002
4.6,4.7106752
4.6,4.582954
4.4,4.075389
4.6,4.7353373
4.9,4.7438846
4.8,4.484643
4.5,4.6509767
4.8,4.7588263
4.6,4.6411185
4.5,4.711382
4.8,4.711032
3.8,3.97692
4.8,4.533816
4.5,4.628916
4.7,4.5574255
4.8,4.6647453
3.7,4.0007095
4.5,4.6902866
4.6,4.6652803
4.3,4.49681
4.8,4.682893
4.8,4.727585
4.8,4.7581058
4.9,4.732381
4.5,4.7701178
4.5,4.344981
4.9,4.6957655
5.0,4.739318
5.0,4.4896517
4.5,4.659425
4.6,4.7665005
4.8,4.7110696
4.3,4.242058
4.6,4.7016926
4.6,4.7463226
4.7,4.6463957
4.2,4.5038033
4.0,4.3745785
4.4,4.357952
4.8,4.7190127
4.4,4.53586
4.9,4.7869005
5.0,4.755636
4.0,4.6604733
4.2,4.1007695
4.7,4.722537
3.4,3.2236452
5.0,4.4586554
4.9,4.844818
4.9,4.499106
4.9,4.746317
4.4,4.624222
4.7,4.6759596
5.0,4.7381444
4.8,4.6413765
4.7,4.738202
4.6,4.7495546
4.8,4.6876426
4.8,4.497056
4.7,4.724307
4.9,4.687342
4.6,4.7039013
4.9,4.6858063
4.7,4.6699843
4.8,4.8136754
4.6,4.886927
4.9,4.70481
4.8,4.489305
4.6,4.734127
4.8,4.6057134
5.0,4.618886
4.9,4.6841574
4.3,4.5167904
4.3,4.446213
5.0,4.7285566
4.8,4.311946
4.7,4.6995926
4.6,4.7323904
4.9,4.6756244
4.2,4.3450613
4.8,4.482865
4.7,4.827299
4.8,4.583719
4.5,4.213407
5.0,4.683461
4.1,4.4956613
4.5,4.6990414
4.8,4.665328
4.6,4.6935463
4.9,4.746586
4.7,4.7083683
4.9,4.721878
4.6,4.496333
4.4,4.3180118
4.6,4.7340436
5.0,4.406175
4.9,4.5276227
5.0,4.6766777
4.9,4.71931
4.7,4.762946
4.9,4.542568
4.8,4.736926
4.9,4.749462
4.6,4.703693
4.6,4.7103825
4.8,4.5949507
4.7,4.7163835
4.8,4.7215223
3.7,4.37295
4.6,4.7382803
4.6,4.734028
4.8,4.6920414
4.9,4.756629
4.8,4.531157
4.3,4.581058
5.0,4.7169476
4.3,4.460185
4.9,4.7685475
4.9,4.772542
4.7,4.4963946
4.9,4.668475
4.4,4.5794506
4.0,4.5740066
4.8,4.7448716
4.6,4.6646833
4.8,4.636661
3.5,4.3035007
4.5,4.7732635
4.8,4.503527
4.7,4.7305264
4.1,4.468844
3.8,4.1865234
4.9,4.4886923
4.8,4.6456547
4.1,4.170306
5.0,4.7638335
4.9,4.6767945
4.9,4.534448
5.0,4.745466
3.8,4.6626854
4.2,4.4395404
4.3,4.5393724
4.6,4.695004
4.5,4.8381653
4.9,4.791031
4.1,4.5450697
4.3,4.523622
4.7,4.731241
4.8,4.624515
4.8,4.6559687
4.7,4.5254636
4.9,4.7498913
4.3,4.0573583
4.6,4.6455784
4.6,4.6756816
4.6,4.7654185
4.3,4.241789
4.6,4.73205
4.9,4.689963
4.6,4.509601
4.6,4.7024937
4.6,4.717082
4.7,4.7491927
4.0,4.159169
4.7,4.613618
3.9,4.272543
4.7,4.7560287
3.8,4.2264915
4.8,4.704979
4.6,4.7550545
4.2,4.2706757
4.9,4.8101063
5.0,4.5048804
5.0,4.764511
4.8,4.690093
4.9,4.673585
3.5,3.5369983
4.9,4.702034
4.6,4.7022133
5.0,4.6278687
4.7,4.786449
4.1,4.573937
4.6,4.7238965
4.9,4.7947955
4.7,4.649773
4.5,4.646632
4.6,4.536273
4.4,4.672226
5.0,4.648819
4.8,4.6856837
4.7,4.49677
4.8,4.802046
4.6,4.680147
4.9,4.6520376
4.7,4.7079816
4.7,4.6852217
4.9,4.7658844
4.5,4.729103
4.9,4.6954374
4.8,4.694045
4.9,4.728328
4.8,4.749647
4.7,4.8292675
4.6,4.504686
4.9,4.742935
4.7,4.651302
4.9,4.6734557
4.9,4.5610456
4.7,4.7265806
4.9,4.725267
4.5,4.7413597
5.0,4.496375
4.9,4.6717653
4.8,4.6354766
3.8,4.4006357
4.9,4.3889112
4.2,4.1996217
3.6,4.1234865
4.3,4.5041122
4.7,4.4952006
4.8,4.753438
4.7,4.627552
4.7,4.6592503
4.2,4.449067
4.6,4.5583963
4.7,4.6548605
4.8,4.714259
4.6,4.7454596
4.1,4.517804
4.9,4.6822224
4.7,4.71513
4.8,4.759673
4.9,4.6534986
5.0,4.5550995
4.7,4.615971
4.8,4.791654
4.9,4.6764297
4.6,4.6981163
4.8,4.754464
4.6,4.652113
4.7,4.637561
4.2,4.529923
4.9,4.688135
4.6,4.470621
4.7,4.7494965
4.3,4.5398645
4.3,4.509222
3.0,3.3996139
4.9,4.674323
4.3,4.508561
3.6,4.006211
5.0,4.8232975
4.3,4.5311794
4.5,4.636908
4.7,4.744499
4.5,4.68551
4.0,4.4573975
4.4,3.978794
4.6,4.7500777
4.2,4.465076
3.2,3.9031987
4.7,4.3016825
4.4,4.532529
4.1,4.5306892
4.4,4.6090097
4.8,4.7309628
4.8,4.645789
4.5,4.691911
4.6,4.702376
4.5,4.731577
4.1,4.5787373
4.2,4.190029
4.9,4.6804557
4.9,4.481881
4.9,4.5084667
4.6,4.7182784
5.0,4.785451
4.3,3.9696114
4.9,4.7469244
4.8,4.5400863
4.8,4.683246
5.0,4.659395
4.8,4.6774416
5.0,4.682316
4.5,4.090254
4.6,4.6919007
4.5,4.709379
4.6,4.751212
4.7,4.676461
4.6,4.696917
4.7,4.7698083
4.6,4.796298
4.2,4.630391
5.0,4.754449
4.7,4.527046
4.5,4.647859
4.6,4.673544
4.5,4.713582
4.8,4.748805
4.5,4.741065
4.7,4.601388
3.9,4.23293
4.9,4.7701817
4.8,4.739576
4.6,4.704261
4.9,4.7372193
4.7,4.7798967
5.0,4.71081
4.8,4.756507
4.6,4.7627935
4.9,4.63565
5.0,4.6735163
4.1,4.6051836
4.7,4.692562
4.8,4.7338476
4.6,4.7501493
4.6,4.721717
4.6,4.5185046
4.5,4.7170234
4.7,4.694916
4.9,4.645971
4.7,4.7277336
4.2,4.515455
4.7,4.6656733
5.0,4.6398497
4.7,4.6777153
5.0,4.49597
4.7,4.470853
4.9,4.68863
4.9,4.730809
4.1,4.353429
4.7,4.755101
4.7,4.725224
4.5,4.7377214
4.2,4.0055285
4.8,4.7894936
4.3,4.5311775
4.9,4.8310184
4.7,4.696126
4.6,4.7086086
4.6,4.694199
4.6,4.7171965
4.3,4.6454525
4.4,4.533928
4.9,4.5406923
4.5,4.6812954
4.5,4.748107
4.5,4.696358
4.8,4.69059
4.4,4.5331044
4.9,4.7728586
4.3,4.4440575
4.6,4.7120733
4.7,4.7406054
4.6,4.739256
4.8,4.5226016
4.6,4.699659
4.7,4.739537
4.7,4.758919
4.3,4.526571
4.8,4.6714582
4.2,4.5561953
4.3,4.5038576
2.5,3.2406342
5.0,4.4745483
4.1,4.5037904
4.9,4.649804
4.5,4.696987
4.7,4.7327952
4.7,4.46561
4.6,4.7207737
4.5,4.7221737
4.8,4.7580585
4.4,4.5413146
4.9,4.811504
4.8,4.5953813
5.0,4.7053013
4.6,4.728282
4.1,4.384247
4.6,4.7805953
5.0,4.802416
4.5,4.7703133
4.6,4.7456794
3.9,4.2930155
4.9,4.8241315
3.9,3.83273
4.5,4.3469877
5.0,4.5995116
5.0,4.711842
4.4,4.6167493
4.1,4.485569
4.2,4.473328
5.0,4.7299395
4.5,4.7390013
4.9,4.727976
5.0,4.525457
4.9,4.4803095
4.7,4.6544476
4.8,4.788356
4.9,4.7032256
4.9,4.6250963
4.6,4.7044106
4.8,4.676561
4.9,4.7054787
5.0,4.7030993
4.7,4.6674333
4.8,4.7441115
4.8,4.7087774
4.8,4.7284303
4.5,4.734833
4.9,4.684391
4.8,4.5813193
4.6,4.645855
4.9,4.832032
4.6,4.7018204
4.6,4.7438564
5.0,4.475517
4.6,4.7381706
4.2,4.5188923
4.5,4.728464
4.6,4.4810357
4.8,4.7869225
4.5,4.6027746
4.0,4.4731846
4.4,4.557884
4.4,4.4980254
4.8,4.615327
4.9,4.68672
4.9,4.7444916
4.5,4.735529
4.8,4.7686257
4.4,4.5264735
4.9,4.5164523
5.0,4.757782
4.0,4.5413256
3.8,4.0328045
4.8,4.7865868
4.9,4.6117115
4.7,4.7215743
4.4,4.017536
4.5,4.7387214
4.6,4.660509
4.0,4.4949293
5.0,4.476121
4.2,4.529007
4.6,4.653069
4.5,4.7855277
4.7,4.809115
4.2,4.2303047
4.7,4.557702
4.9,4.678316
4.6,4.7057495
4.7,4.675193
4.6,4.7080774
4.8,4.695405
4.7,4.7720747
4.2,4.392391
4.2,4.5572824
4.5,4.745583
5.0,4.7369604
4.7,4.6949387
4.4,4.606746
4.9,4.6449156
4.9,4.738994
4.9,4.7065525
4.6,4.7080617
4.5,4.7295713
4.3,4.0981092
4.9,4.7691607
4.5,4.0421233
4.7,4.744835
4.7,4.836023
4.7,4.780657
4.1,4.3624206
4.8,4.494192
4.2,4.620198
4.8,4.6925774
4.8,4.5996056
4.9,4.6893005
4.9,4.6355696
4.7,4.698989
5.0,4.7296405
4.3,4.0761347
4.8,4.7007847
4.5,4.6708727
4.9,4.675523
4.3,4.4960527
5.0,4.748987
4.1,4.521858
4.7,4.7229056
4.9,4.6935034
4.8,4.7966805
4.5,4.0583544
4.6,4.7455473
4.9,4.7405434
5.0,4.6752543
4.7,4.682643
5.0,4.613921
4.6,4.7600613
3.9,4.1384172
4.8,4.722013
4.9,4.8055477
4.8,4.668697
4.6,4.72523
4.6,4.4780965
4.8,4.6954823
4.4,4.3156204
4.9,4.7400627
4.7,4.7456436
4.6,4.805339
4.8,4.607339
5.0,4.706056
4.7,4.704708
4.1,4.5584717
4.7,4.7646313
5.0,4.717223
4.6,4.5782223
4.8,4.6946964
4.8,4.7961626
4.6,4.4809895
4.8,4.748817
4.2,4.443846
4.8,4.707003
4.6,4.706068
4.7,4.6407595
4.8,4.4737844
4.5,4.7072496
4.9,4.6599617
4.6,4.70822
4.0,4.507996
4.2,4.516404
4.6,4.7330894
5.0,4.769709
4.6,4.5016584
3.7,4.032839
5.0,4.639082
4.5,4.762509
5.0,4.4505386
4.6,4.761995
5.0,4.662691
4.8,4.697892
3.8,4.292335
4.7,4.6817946
4.7,4.749022
4.3,4.5638337
4.7,4.762127
4.9,4.7173586
4.8,4.5253077
4.7,4.7145734
4.1,4.360839
3.6,4.420931
4.6,4.6570797
4.9,4.7264442
4.9,4.7295437
4.7,4.7037315
4.9,4.5844793
4.7,4.7819343
4.4,4.659351
4.1,4.499922
5.0,4.639962
4.8,4.724929
5.0,4.7115946
4.9,4.6010904
4.2,4.346155
5.0,4.685139
4.7,4.730463
4.7,4.6898565
4.1,4.6376076
3.8,4.237479
4.7,4.7799387
4.7,4.718706
5.0,4.635616
4.5,4.674189
4.7,4.6771975
4.9,4.600237
4.7,4.7111607
4.6,4.7466145
4.6,4.5966873
4.7,4.7418566
4.7,4.718734
4.8,4.481823
4.3,3.9143133
4.4,4.250676
5.0,4.5717645
4.9,4.7029347
4.9,4.7946124
4.8,4.6473427
4.8,4.742631
4.1,4.533477
4.6,4.6940446
4.6,4.6777487
4.9,4.711089
4.7,4.720664
4.7,4.8346295
4.7,4.744119
5.0,4.501288
4.9,4.6813426
4.7,4.577773
4.7,4.7399845
4.7,4.71214
4.7,4.500106
4.6,4.623317
4.1,4.4831257
4.8,4.660266
4.6,4.663427
4.8,4.6937547
4.7,4.75229
4.9,4.772154
4.6,4.716861
4.8,4.718799
4.9,4.6727905
4.5,4.674379
4.9,4.6891
4.4,4.247815
4.7,4.6948214
4.8,4.6013746
4.4,4.4979563
4.6,4.7583055
4.1,4.4925985
4.8,4.797925
4.7,4.6256323
4.8,4.737796
3.8,3.9497468
3.6,4.0908813
5.0,4.4874516
4.6,4.7447777
4.5,4.6436095
4.8,4.707817
5.0,4.7746735
4.9,4.540183
4.2,4.4583654
4.6,4.7232795
4.5,4.7244096
4.8,4.833811
4.6,4.8006573
4.7,4.7159805
4.0,4.4866657
4.9,4.7223473
4.7,4.7305374
4.9,4.7168255
4.5,4.6610136
4.9,4.700011
4.9,4.5246944
4.3,4.202398
4.6,4.698168
4.9,4.6711683
4.6,4.7039156
4.6,4.6168323
4.7,4.604436
4.5,4.6512485
3.9,4.2635226
4.7,4.5186996
4.1,4.5486526
4.7,4.7294016
4.7,4.643949
4.0,4.3428874
4.9,4.679177
4.7,4.6679726
4.6,4.753948
4.7,4.422535
4.3,4.0974092
3.6,4.1281333
4.1,4.523875
4.1,4.6014414
4.8,4.7039795
4.1,4.3893538
4.6,4.7301664
4.6,4.7308693
4.8,4.6788235
4.2,4.2284703
4.2,4.0855274
5.0,4.797447
4.8,4.477173
4.7,4.673445
4.6,4.677586
4.6,4.695298
4.7,4.764205
5.0,4.461686
4.9,4.7058334
4.6,4.6166043
4.8,4.7469563
4.7,4.776168
4.2,4.478162
4.6,4.783694
4.1,4.0387154
4.8,4.608631
4.8,4.5138493
4.9,4.7560954
4.7,4.73848
4.8,4.6874714
4.8,4.761924
4.8,4.529703
4.4,4.089098
4.6,4.7818117
5.0,4.719472
4.7,4.6780167
4.8,4.5499573
4.8,4.7111025
4.9,4.704837
4.7,4.5705743
4.6,4.732583
4.8,4.691167
5.0,4.534707
4.6,4.712232
4.8,4.6981063
4.8,4.6427464
4.9,4.7396045
4.9,4.7570715
4.9,4.7238297
4.6,4.486432
4.9,4.7107925
4.1,4.5008345
4.7,4.6281013
4.6,4.743498
4.8,4.6801662
4.8,4.690071
5.0,4.722661
5.0,4.6834736
4.8,4.673096
5.0,4.714563
4.6,4.5996456
4.1,4.4747524
4.7,4.8087068
4.8,4.593606
4.5,4.662322
4.6,4.7284336
4.9,4.7497954
4.8,4.7539434
4.5,4.7567987
4.6,4.604672
4.3,4.319603
4.7,4.5858207
4.8,4.5741043
4.6,4.6834693
4.9,4.7431664
4.6,4.749569
4.4,4.502755
4.3,4.518585
4.9,4.734701
4.6,4.737423
4.6,4.6939373
4.3,4.3758664
4.6,4.817155
4.8,4.494096
4.6,4.7855854
3.7,4.171052
3.8,4.141119
4.2,4.478906
4.8,4.799239
5.0,4.658288
4.0,4.478747
4.7,4.6896653
4.7,4.733039
4.6,4.702796
3.8,4.0520563
4.7,4.6666946
4.9,4.827814
4.6,4.6960964
4.9,4.738364
4.1,4.0950775
4.7,4.631594
4.7,4.6776047
5.0,4.626996
4.4,4.5493064
4.8,4.779575
4.8,4.7298174
4.7,4.7125435
4.9,4.725966
4.8,4.68096
4.6,4.444515
4.2,4.257558
4.7,4.6957674
4.9,4.7929354
4.8,4.72506
4.6,4.7181277
4.5,4.5873995
4.7,4.6425133
4.9,4.694679
5.0,4.705755
4.4,4.202066
4.8,4.5634313
4.6,4.7770844
4.9,4.6988983
4.9,4.5532093
4.8,4.462018
4.6,4.708687
4.7,4.5552263
4.7,4.709504
5.0,4.230632
4.7,4.726528
4.6,4.712803
4.5,4.6847744
4.6,4.7228374
4.6,4.5432196
4.4,4.5160484
4.9,4.647269
5.0,4.6764836
4.7,4.772693
4.8,4.735692
4.5,4.736125
4.3,4.552226
4.4,4.5278573
4.6,4.7296214
4.8,4.712361
4.8,4.681558
4.8,4.5121565
4.8,4.729063
4.2,4.4653363
4.7,4.7704372
4.7,4.555768
4.9,4.654648
4.6,4.7061224
4.5,4.709424
4.6,4.721877
4.9,4.7137184
4.7,4.5949802
4.3,4.1530085
4.7,4.683815
4.8,4.678689
4.6,4.5462103
5.0,4.649561
4.9,4.715211
4.0,4.5297446
4.6,4.7015805
4.6,4.7347584
4.9,4.492631
4.8,4.6995153
4.1,4.520123
4.6,4.6631384
4.7,4.591507
4.9,4.7478967
5.0,4.6867876
4.3,4.067442
4.9,4.7549925
4.8,4.6685176
4.4,4.491287
4.9,4.7439137
4.6,4.7629027
4.2,4.435836
4.1,4.511435
5.0,4.7219973
4.6,4.6291018
4.9,4.738699
4.6,4.6635876
5.0,4.664732
4.4,4.474353
5.0,4.706537
4.6,4.6676803
5.0,4.53339
4.9,4.715681
4.7,4.799303
4.9,4.5130005
4.8,4.7254567
4.7,4.4540815
4.7,4.6629033
4.2,4.2819386
5.0,4.4878664
4.6,4.7275047
4.8,4.73273
4.9,4.759595
3.8,4.4170036
5.0,4.508769
4.7,4.6965904
5.0,4.7426314
5.0,4.6721582
4.9,4.735978
4.8,4.675321
4.7,4.707435
4.6,4.7150745
4.7,4.678197
5.0,4.5695786
4.9,4.6732674
4.7,4.7127347
4.4,4.236272
5.0,4.7307034
4.5,4.702487
4.6,4.7084713
4.7,4.743812
5.0,4.7577353
4.5,4.705633
4.9,4.7186527
4.3,4.4911485
4.5,4.6961594
4.6,4.521244
4.7,4.826085
4.6,4.735367
4.9,4.6554546
4.3,4.090568
4.7,4.7008586
4.7,4.61483
3.5,4.017126
4.9,4.856324
4.9,4.5187736
4.6,4.6007543
4.9,4.7743406
4.4,4.4912744
4.9,4.5755153
4.8,4.6223545
4.9,4.562915
4.9,4.6683574
4.9,4.6603775
4.6,4.444621
4.8,4.7630615
4.7,4.7398696
5.0,4.754566
4.8,4.719163
4.7,4.735551
4.9,4.682049
4.8,4.776235
4.6,4.753298
4.5,4.7033377
4.8,4.733909
4.7,4.6816263
5.0,4.746582
4.7,4.74759
4.7,4.755022
5.0,4.7716036
4.0,4.602324
4.5,4.713561
4.4,4.1550436
5.0,4.628026
4.7,4.732229
4.9,4.694683
4.9,4.660833
4.6,4.67832
4.6,4.7003317
4.6,4.744587
4.6,4.528658
4.6,4.5079355
4.8,4.4743958
4.2,4.0098686
4.8,4.7691793
4.1,4.498966
4.2,4.4640613
4.6,4.665544
4.8,4.6402197
4.5,4.700449
4.5,4.671816
4.8,4.696469
5.0,4.7111735
4.9,4.7133045
3.9,4.205985
4.4,4.6100273
4.9,4.668872
4.7,4.7265167
4.7,4.675256
4.6,4.717266
5.0,4.6999626
4.8,4.737831
3.6,4.4386883
4.8,4.758497
4.7,4.685031
4.7,4.6631546
4.8,4.7182035
4.1,4.4981613
4.3,4.454378
4.6,4.7336674
4.6,4.6551876
4.9,4.729578
4.5,4.6656284
4.4,4.5190086
4.9,4.733289
4.4,4.351065
4.6,4.7479863
4.9,4.72286
4.7,4.754657
4.8,4.666443
4.9,4.7576814
4.7,4.8010416
4.9,4.656488
5.0,4.752878
4.9,4.7107897
4.5,4.6998434
4.9,4.722265
4.8,4.5929556
4.6,4.5647907
4.5,4.6438203
4.7,4.768194
4.8,4.6770945
4.2,4.551115
4.5,4.7410135
4.0,4.459507
4.8,4.534012
4.3,4.4024143
4.2,4.277187
4.7,4.680152
4.8,4.710643
4.1,4.42624
4.8,4.4565325
4.6,4.751407
4.1,4.299517
4.7,4.6851816
4.6,4.70257
4.7,4.697887
4.7,4.7504396
4.8,4.7314606
5.0,4.676466
4.3,4.491544
4.9,4.6846876
4.9,4.7248216
5.0,4.692883
4.8,4.5302944
5.0,4.5550995
4.7,4.780009
4.7,4.7310915
4.3,4.6477995
5.0,4.6979985
4.8,4.7287307
4.6,4.6880054
3.8,3.9973469
4.4,4.208528
4.0,4.485752
4.7,4.651828
5.0,4.7413616
4.8,4.750512
4.2,4.554238
4.9,4.71846
4.6,4.6150527
4.1,4.233192
4.5,4.7544723
4.8,4.7240744
3.3,3.3403704
4.0,4.5930505
4.7,4.778561
4.7,4.7277007
4.5,4.7103834
4.6,4.7140913
4.6,4.7478685
4.7,4.747718
4.6,4.72581
4.7,4.652272
4.6,4.7319946
4.7,4.726981
4.8,4.7239556
4.7,4.6597567
4.9,4.6338797
4.9,4.7400084
4.8,4.695195
5.0,4.7437286
4.8,4.68389
4.9,4.740598
4.7,4.711396
5.0,4.696452
4.2,4.2816334
4.9,4.7335033
4.2,3.9324284
4.1,4.093879
4.9,4.472125
4.5,4.6502724
4.0,4.4786854
4.9,4.7061443
4.5,4.6313767
4.7,4.658921
4.5,4.7044663
4.6,4.6672745
4.9,4.4700823
4.5,4.7056723
4.3,4.5068593
4.8,4.606269
4.7,4.672408
4.9,4.6980715
4.9,4.721901
4.9,4.681993
4.4,4.480009
4.6,4.6800017
4.6,4.731717
4.7,4.548486
4.6,4.717705
4.9,4.5881066
4.0,4.45096
4.8,4.570957
2.6,3.2349384
4.7,4.7757416
4.5,4.6848335
4.9,4.6774716
4.8,4.716272
5.0,4.7882557
5.0,4.7217827
4.8,4.76062
4.7,4.7504463
4.8,4.8161287
5.0,4.7468224
4.6,4.6940594
4.7,4.753013
4.8,4.690896
4.3,4.3879423
4.7,4.6036077
5.0,4.65679
4.6,4.6660914
4.8,4.7497087
4.7,4.7317257
4.8,4.314975
4.9,4.5512786
4.8,4.8077054
4.9,4.8001356
4.6,4.6851172
5.0,4.6911554
5.0,4.7969394
4.9,4.7336817
4.7,4.815592
4.1,4.6289945
4.6,4.7438755
3.7,3.9955199
4.6,4.6682363
4.7,4.823183
4.8,4.7136345
5.0,4.515402
4.4,4.286083
4.8,4.731661
5.0,4.637966
4.7,4.752591
4.5,4.686449
4.8,4.73017
4.8,4.6730905
4.3,4.639579
4.3,4.665209
4.8,4.787531
4.8,4.829746
4.1,4.588793
4.9,4.72469
4.9,4.6794987
4.5,4.6931896
4.9,4.6480737
4.5,4.667522
4.9,4.7474117
4.0,4.1728754
4.9,4.6297865
4.7,4.50227
4.6,4.4972878
4.9,4.5306263
4.8,4.8242106
4.6,4.6700335
4.6,4.6785636
5.0,4.7396364
4.7,4.68674
4.8,4.8014016
5.0,4.542479
4.7,4.633809
4.7,4.501872
4.7,4.702708
4.7,4.75545
5.0,4.5470743
3.8,3.9986897
4.4,4.50533
4.8,4.657922
4.7,4.7301793
4.5,4.714319
4.7,4.696846
4.5,4.7348957
4.0,4.27332
4.2,4.1468277
4.7,4.7548494
5.0,4.7538347
4.9,4.693489
4.6,4.7584124
4.6,4.749551
4.6,4.7234077
4.7,4.7815948
4.5,4.726397
4.9,4.674506
4.2,4.5287285
4.8,4.6718125
4.6,4.5392275
4.7,4.7503195
4.6,4.582986
4.6,4.7515397
4.9,4.664837
4.5,4.740987
4.8,4.661089
4.3,4.2861214
3.6,3.9068346
4.7,4.7119155
4.1,4.5820675
4.7,4.727831
4.2,4.2823462
4.7,4.711203
4.9,4.713788
4.5,4.171306
4.6,4.64847
4.6,4.5153337
4.2,4.069093
4.9,4.515207
4.8,4.7588058
4.8,4.7710013
4.8,4.7061524
4.3,4.6039157
4.8,4.750784
4.5,4.81304
5.0,4.782058
4.9,4.7421613
4.5,4.771963
4.6,4.697008
4.3,4.4386387
4.5,4.7610993
4.6,4.4977293
4.6,4.641949
4.7,4.747159
4.7,4.6775856
4.4,4.2726955
4.0,4.473106
4.7,4.48508
4.7,4.614235
4.9,4.7677755
4.7,4.7399855
4.6,4.6936135
4.6,4.753832
5.0,4.776177
4.6,4.5161343
4.7,4.717695
4.7,4.6456237
4.5,4.716797
4.7,4.7400694
4.8,4.756015
5.0,4.583396
4.9,4.820202
4.9,4.763026
4.8,4.6777267
4.2,4.6167274
4.5,4.591344
4.8,4.650324
4.5,4.6447134
4.7,4.745137
4.8,4.7598495
4.2,4.690078
5.0,4.693879
4.9,4.730456
4.7,4.6282687
4.2,4.308524
4.7,4.714614
4.9,4.6902885
4.8,4.704289
4.8,4.7315283
4.2,4.4837523
4.7,4.6206703
4.7,4.647872
5.0,4.5749836
4.1,4.476097
5.0,4.760034
5.0,4.729829
4.8,4.704611
4.9,4.677169
4.6,4.7627096
4.3,4.282754
4.0,4.6379538
4.2,4.08112
4.7,4.6351376
4.6,4.6953955
4.6,4.7314353
4.1,4.2094045
4.3,4.5610876
4.9,4.710696
4.6,4.525653
4.7,4.6781225
4.4,4.253482
4.2,4.6351385
4.6,4.589398
4.9,4.565704
4.6,4.709607
4.8,4.754897
4.9,4.6245484
5.0,4.732304
5.0,4.702257
4.6,4.6654487
4.8,4.798828
4.2,4.439286
4.7,4.723857
4.9,4.7494335
4.6,4.7579794
4.7,4.6979847
4.7,4.592848
4.4,4.547496
4.1,4.412994
4.1,4.4924593
4.8,4.717523
4.9,4.6638865
4.4,4.283473
4.9,4.4920444
5.0,4.381415
4.4,4.0111465
4.0,4.4917264
4.4,4.463482
4.6,4.75914
4.7,4.673031
4.8,4.702939
4.5,4.520057
4.9,4.7168655
4.9,4.822468
4.7,4.7094564
4.8,4.8058147
4.7,4.8059235
4.6,4.723275
4.7,4.663828
4.9,4.6667624
4.8,4.4927483
4.8,4.768167
4.3,4.448022
4.4,4.5353336
4.8,4.661214
4.6,4.725923
4.2,4.237715
4.6,4.6574106
4.8,4.486431
4.6,4.6651587
4.7,4.6926885
4.8,4.745649
4.9,4.7143636
4.6,4.72074
4.1,4.4606686
4.5,4.695518
4.6,4.728734
4.8,4.6855173
4.9,4.7586966
5.0,4.655362
4.7,4.564887
5.0,4.759175
4.5,4.719928
4.7,4.6721396
4.6,4.696275
4.6,4.7135487
5.0,4.618843
4.7,4.6914935
4.9,4.495542
4.7,4.7398634
5.0,4.6749864
3.8,4.1446567
5.0,4.6968064
4.8,4.6598034
4.8,4.750381
4.8,4.71329
4.9,4.661285
4.6,4.636427
4.3,4.483898
4.6,4.76741
4.7,4.783534
4.6,4.6656184
4.9,4.626963
4.6,4.697386
4.8,4.802074
4.9,4.7261057
5.0,4.367368
4.2,4.525213
4.2,4.604559
4.3,4.6437497
5.0,4.700508
4.4,4.441831
5.0,4.680542
4.9,4.6975393
4.3,4.4596906
4.6,4.6524544
4.4,4.4664145
4.2,4.40418
4.6,4.7047987
4.5,4.7242846
4.4,4.5281987
4.9,4.659198
4.7,4.755624
4.9,4.7510533
4.5,4.6819525
5.0,4.689543
4.7,4.639234
4.9,4.4838104
5.0,4.7055507
4.6,4.734133
4.3,4.666827
4.7,4.7206683
4.8,4.716861
4.9,4.681428
4.9,4.5248313
4.9,4.7626505
4.7,4.7359104
4.3,4.521635
4.9,4.6548204
4.7,4.8165836
4.6,4.411954
4.6,4.57869
4.5,4.727863
4.5,4.6714244
5.0,4.791074
4.7,4.674792
4.6,4.699314
4.7,4.7028913
4.3,4.527422
4.7,4.7650366
4.7,4.6932364
4.9,4.679078
4.3,4.528286
4.8,4.790658
4.6,4.695732
4.0,4.5135994
4.7,4.667479
4.1,4.4884005
4.6,4.6659527
4.9,4.702977
4.6,4.714525
4.6,4.646602
4.9,4.565896
4.5,4.7780423
4.9,4.6328583
4.7,4.70707
4.9,4.7020087
5.0,4.773182
4.9,4.7409344
4.1,4.288512
4.7,4.4563437
4.3,4.5043707
4.7,4.685739
4.4,4.09919
4.8,4.7149324
4.6,4.4720197
4.7,4.7602015
3.6,4.0912857
4.8,4.66165
4.8,4.7572336
4.6,4.6754627
4.4,4.2782655
5.0,4.6755557
5.0,4.5726476
4.6,4.708966
4.5,4.7697945
4.8,4.6417093
4.0,4.6294546
4.7,4.2522244
4.4,4.2792244
4.9,4.6883535
4.5,4.7658544
4.7,4.583912
4.4,4.1109676
5.0,4.71513
4.2,4.4788013
4.8,4.7124376
5.0,4.765629
4.6,4.6571484
4.8,4.4706993
4.7,4.6889386
4.3,4.4846525
4.9,4.629483
4.6,4.69042
4.7,4.717554
4.8,4.7972775
4.9,4.439307
4.6,4.758692
4.6,4.7810645
4.6,4.6256757
4.5,4.7180142
4.3,4.1769648
4.8,4.681551
4.9,4.6434903
4.0,4.4810705
4.6,4.7095833
4.9,4.731449
4.5,4.761164
4.9,4.699781
4.8,4.672983
4.0,4.482466
4.9,4.5729694
5.0,4.7140617
4.7,4.757662
4.6,4.731384
4.1,4.2348347
4.6,4.735692
4.1,4.4128976
4.6,4.477525
4.8,4.744869
4.7,4.5109215
5.0,4.5831604
4.9,4.7179337
4.7,4.6019154
4.8,4.6156263
4.7,4.819233
4.6,4.705952
3.7,4.0945997
4.8,4.831373
4.7,4.7084913
4.9,4.6855774
4.9,4.6877704
5.0,4.4754333
4.7,4.801659
4.5,4.6429067
4.1,4.2539473
4.5,4.7486134
4.6,4.6209607
4.9,4.6545672
4.9,4.740649
4.8,4.7472153
4.9,4.6738605
4.4,4.503578
4.9,4.648204
4.6,4.4589534
4.6,4.6932383
4.5,4.7870784
4.6,4.5939093
4.8,4.70757
5.0,4.712414
4.9,4.7408524
4.9,4.7639966
4.8,4.6422787
4.6,4.7392983
4.8,4.721447
4.7,4.7378197
4.9,4.688012
4.8,4.769984
4.4,4.3072233
4.6,4.6879396
4.6,4.6597743
5.0,4.8122673
4.0,4.5333147
4.8,4.6255283
4.0,4.452076
4.0,4.493133
4.6,4.6790056
4.1,4.334724
3.7,4.4043193
4.9,4.830586
4.1,4.2946224
4.6,4.70187
5.0,4.6095457
4.8,4.6337895
4.6,4.641179
5.0,4.7108135
4.8,4.682725
4.8,4.5093575
4.9,4.6590996
4.8,4.7467413
4.9,4.657836
5.0,4.680539
4.7,4.7227535
4.5,4.7121873
4.5,4.6421976
5.0,4.7196274
4.7,4.6578135
5.0,4.700178
4.9,4.5005627
4.1,4.3139544
4.4,4.5606613
4.9,4.68848
4.9,4.7130833
4.8,4.767683
5.0,4.5000563
4.7,4.7189918
4.6,4.676513
4.7,4.7367387
4.0,4.596101
4.4,4.5300055
5.0,4.678692
4.9,4.5909786
4.9,4.683913
4.7,4.704451
4.9,4.6932087
4.6,4.727396
4.1,4.5904117
4.7,4.6416044
4.9,4.686365
4.7,4.707156
5.0,4.4802723
5.0,4.7432656
4.5,4.6707993
4.0,4.5130663
4.6,4.5335617
5.0,4.6914887
4.6,4.6241493
4.7,4.699767
5.0,4.7863026
4.6,4.4699693
4.7,4.814083
4.7,4.698707
4.5,4.6718726
4.7,4.691256
5.0,4.7243204
4.8,4.742903
4.7,4.7211647
4.6,4.689996
4.1,4.5230074
4.8,4.5400763
4.7,4.7630615
4.6,4.5566216
4.7,4.48654
4.7,4.68262
4.8,4.6515055
4.6,4.4941254
4.5,4.7712317
4.5,4.768041
4.4,4.5012217
4.6,4.6951003
4.6,4.6407366
4.7,4.6646433
4.4,4.51396
4.8,4.695507
4.9,4.7096663
4.6,4.732826
4.9,4.815955
4.2,4.460747
4.8,4.66372
4.8,4.6702037
4.5,4.799308
4.8,4.704293
4.9,4.735163
4.6,4.6793523
4.8,4.590311
4.6,4.667551
4.9,4.7067633
4.9,4.6848183
5.0,4.7696776
4.9,4.6751757
4.9,4.7452536
4.1,4.51299
5.0,4.7459702
4.1,4.347993
4.6,4.7277565
4.7,4.7187123
4.8,4.4733977
4.8,4.7370496
4.6,4.7275343
4.2,4.0423274
4.7,4.7052464
4.5,4.7195625
5.0,4.4662623
5.0,4.503039
4.7,4.558871
4.5,4.346164
4.3,4.25398
5.0,4.6127586
4.6,4.673483
4.9,4.721677
4.6,4.706509
4.9,4.69123
4.9,4.843503
4.9,4.612805
4.9,4.714936
4.8,4.7129245
4.5,4.720724
4.7,4.8552246
4.2,4.280214
4.6,4.722919
4.7,4.784271
4.8,4.4852996
4.8,4.767385
4.6,4.748337
4.8,4.7449055
4.9,4.7076387
4.9,4.7076125
4.5,4.6708627
4.5,4.7284737
4.6,4.5837355
4.6,4.709763
5.0,4.7254944
4.7,4.664761
4.9,4.695467
4.8,4.727277
4.4,4.3309355
4.7,4.72828
4.9,4.6990438
5.0,4.7101793
4.8,4.687444
4.9,4.7298894
5.0,4.6948934
4.2,4.455599
4.9,4.7072144
4.9,4.7069387
4.9,4.680151
4.7,4.7734885
4.9,4.719161
4.9,4.6654043
4.9,4.7535357
4.6,4.724842
4.4,4.5021772
4.8,4.6855607
4.3,4.464042
4.4,4.511301
4.7,4.718032
5.0,4.5190773
5.0,4.853296
4.5,4.7053013
4.8,4.7370343
4.5,4.6835985
4.7,4.633733
4.6,4.6895123
4.7,4.695488
4.6,4.5852246
4.9,4.7411413
4.5,4.727528
4.9,4.7703133
4.6,4.6409945
4.1,4.2888036
4.7,4.5237026
4.7,4.4755096
4.8,4.6861615
4.9,4.730985
4.7,4.7444344
4.9,4.687322
4.5,4.719314
4.9,4.721438
4.0,4.345891
4.7,4.6078506
4.9,4.8262243
5.0,4.7103953
3.5,4.403186
4.5,4.721362
4.7,4.749295
4.5,4.7107286
4.8,4.4907722
4.1,4.2895794
4.7,4.745563
4.6,4.4728165
4.6,4.690871
4.2,4.2421374
4.4,4.618257
4.1,4.5041075
4.2,4.5328317
4.5,4.679764
4.7,4.6617656
4.7,4.7784214
4.6,4.4951324
4.5,4.701801
4.9,4.71651
4.6,4.5108395
4.0,4.284039
4.8,4.7870092
4.8,4.7316265
4.6,4.735872
4.8,4.6690707
4.0,4.7191153
3.7,4.2382917
4.5,4.71607
4.7,4.4885526
4.8,4.6477165
4.4,4.5507784
4.7,4.578133
4.9,4.7170215
4.7,4.6797285
4.9,4.7782965
4.9,4.705783
4.6,4.5144544
4.7,4.6346197
4.8,4.49387
4.7,4.7195663
4.4,4.4678526
3.6,4.208602
4.7,4.697024
4.1,4.3278494
4.7,4.7150135
4.8,4.6777816
5.0,4.591371
4.0,4.490073
4.9,4.6429176
4.1,4.6387825
4.8,4.561908
4.8,4.813468
4.9,4.7720613
4.3,4.499166
5.0,4.7009163
4.8,4.7022953
4.7,4.658151
4.7,4.676003
4.7,4.648837
4.0,4.254555
4.7,4.7006187
4.4,4.4110537
4.8,4.6948156
4.1,4.537965
4.5,4.7218227
4.8,4.761644
4.2,4.3764877
4.6,4.39151
4.8,4.662371
5.0,4.6341233
4.6,4.6830254
4.6,4.7666063
5.0,4.772461
5.0,4.5901937
4.9,4.752503
4.8,4.663631
4.1,4.495385
4.8,4.4719615
4.9,4.667848
4.8,4.491886
4.8,4.755341
4.7,4.7866926
4.6,4.666845
4.8,4.2892485
4.9,4.742944
4.2,4.525384
4.6,4.746463
4.0,4.3928075
4.8,4.5864854
4.9,4.662884
4.7,4.551103
4.8,4.755883
4.7,4.687047
4.7,4.7285347
4.8,4.690366
4.7,4.658283
4.8,4.6499243
5.0,4.754542
4.5,4.113622
4.8,4.740073
4.6,4.537164
4.6,4.7386537
5.0,4.724266
4.1,4.4181056
4.9,4.7042375
4.6,4.5364447
4.7,4.7070446
4.6,4.683162
4.0,4.2922673
4.6,4.6021833
4.7,4.792862
4.6,4.765933
4.2,4.31353
4.7,4.7678213
5.0,4.7607107
4.1,4.513838
4.6,4.705985
4.1,4.5328627
4.7,4.6683135
4.8,4.695092
4.6,4.6814017
4.1,4.5657663
4.8,4.759224
4.9,4.7027435
4.8,4.6217546
4.6,4.617032
4.8,4.7299843
4.7,4.6957083
4.6,4.677921
5.0,4.8134136
4.6,4.683552
4.8,4.766837
4.9,4.667241
4.6,4.74492
4.2,4.1076174
4.8,4.7226
4.5,4.7392316
4.7,4.704993
5.0,4.7458916
5.0,4.5140142
4.1,4.504812
4.1,4.0488863
4.5,4.2141886
4.9,4.4882545
4.8,4.6826353
4.8,4.749192
5.0,4.479552
5.0,4.658248
4.6,4.7121787
4.9,4.7497797
4.5,4.687707
4.6,4.772187
4.8,4.6749353
4.7,4.320506
4.6,4.7756534
4.9,4.56661
4.6,4.6960607
4.6,4.658456
2.8,3.6640658
4.8,4.7760434
4.0,4.6633425
4.6,4.5969367
4.8,4.514351
4.6,4.7296906
4.8,4.5326934
4.6,4.6831703
4.8,4.6954317
4.6,4.55579
4.7,4.396221
4.8,4.7755966
3.2,3.2833729
4.8,4.7474246
4.9,4.6969895
5.0,4.697088
5.0,4.6627474
4.7,4.4242644
4.6,4.738447
4.6,4.670459
4.8,4.723655
4.3,4.1825743
4.7,4.7647495
4.7,4.52094
4.9,4.7526627
4.7,4.684597
4.2,4.5202956
4.6,4.7840333
4.4,4.0603485
4.9,4.6874323
4.5,4.5969944
4.9,4.6550283
4.8,4.724698
4.2,4.5145683
5.0,4.6861362
4.6,4.6658463
4.6,4.7090244
4.6,4.7390485
4.9,4.6989465
4.6,4.7360115
4.5,4.697918
4.4,4.407011
5.0,4.728144
4.8,4.8620834
4.5,4.8262634
4.7,4.6511188
4.7,4.7114534
5.0,4.7733526
4.1,4.538431
4.5,4.664364
5.0,4.736535
4.6,4.798174
4.5,4.7140083
4.6,4.629966
4.5,4.7880754
4.6,4.7141576
4.7,4.693186
4.7,4.7392244
4.3,4.1962976
4.6,4.6131363
5.0,4.742635
4.6,4.451626
4.9,4.6917667
5.0,4.7048903
4.6,4.6813984
4.9,4.6618013
4.4,4.299865
4.7,4.7200317
4.6,4.6871004
4.7,4.405116
3.9,3.9862018
4.1,4.336958
4.9,4.739289
3.8,4.3388715
5.0,4.783997
5.0,4.8288136
4.9,4.8305063
4.9,4.2408314
4.6,4.6969147
5.0,4.513855
4.5,4.7634087
4.7,4.7045336
4.7,4.728979
4.5,4.794263
4.4,4.456275
4.5,4.67875
4.9,4.536332
4.7,4.7190585
4.8,4.7725544
4.0,4.5322495
4.7,4.734094
4.8,4.7353296
4.7,4.7347875
4.5,4.7502084
4.0,4.481797
4.9,4.8160458
4.7,4.7044425
4.6,4.554097
4.6,4.696582
4.6,4.660295
4.6,4.6528816
4.8,4.7534885
4.7,4.743287
4.9,4.7729273
4.7,4.6783495
4.3,4.435983
4.6,4.448617
4.5,4.769443
4.5,4.6740484
4.7,4.7676983
5.0,4.7649794
4.8,4.582962
4.7,4.7390804
4.7,4.7919602
5.0,4.7611914
5.0,4.714662
3.7,4.123612
4.2,4.0765953
4.0,4.5435443
4.3,4.501398
3.6,4.299959
3.9,3.979028
4.0,4.4740725
4.7,4.579894
4.5,4.6481895
4.9,4.7114396
4.8,4.512479
4.7,4.559042
4.7,4.677415
4.8,4.703734
4.7,4.8439035
5.0,4.6513796
5.0,4.7532244
4.2,4.6637087
4.8,4.744644
4.0,4.5328383
4.6,4.707978
4.9,4.6574965
4.7,4.682435
4.3,4.5054564
4.8,4.698106
4.8,4.4807096
4.6,4.696277
4.8,4.748482
4.8,4.679003
4.7,4.5091386
4.8,4.6696033
4.7,4.652769
4.8,4.693076
4.6,4.6950173
4.9,4.7757983
4.7,4.7148113
4.9,4.703578
4.7,4.556921
5.0,4.447255
4.6,4.728903
5.0,4.42229
4.5,4.753012
4.7,4.658699
4.6,4.4734626
4.6,4.5436172
4.9,4.675514
4.9,4.7072825
4.8,4.7926674
4.9,4.765891
4.5,4.726261
4.9,4.7502656
4.8,4.786771
4.9,4.508696
3.7,4.2593536
5.0,4.5359917
4.8,4.6610746
4.3,4.329324
4.7,4.625331
4.7,4.766448
4.8,4.6767144
3.5,3.4393373
4.6,4.7445493
4.9,4.6351314
5.0,4.61059
4.9,4.829025
4.2,4.4911675
4.2,4.071699
4.6,4.7347136
4.8,4.67659
5.0,4.4711742
4.7,4.658314
4.4,4.0628014
4.9,4.7302628
4.1,4.448376
4.8,4.6665287
4.7,4.798028
4.9,4.6617184
4.3,4.4850445
4.9,4.6448803
4.8,4.5648227
4.7,4.524764
4.8,4.687487
4.8,4.589885
4.9,4.6853523
4.8,4.5404925
5.0,4.700275
4.6,4.687963
4.7,4.817714
4.8,4.75022
4.2,4.516409
4.6,4.661082
4.7,4.7402687
4.8,4.6477857
4.8,4.5417356
4.8,4.636377
4.7,4.7503576
4.9,4.7358947
4.5,4.6008453
4.9,4.5775404
4.1,4.485175
4.9,4.621393
4.9,4.7277565
4.2,4.565897
5.0,4.7122865
5.0,4.745953
4.8,4.664918
4.9,4.603051
4.9,4.7083306
4.5,4.5986495
4.6,4.714079
4.8,4.6946316
4.7,4.716732
4.4,4.4759765
4.4,4.485576
4.9,4.742839
5.0,4.7299385
4.6,4.717995
4.8,4.747968
5.0,4.634949
4.8,4.682776
4.9,4.629706
4.5,4.7011566
4.6,4.730177
4.9,4.669837
4.8,4.77346
4.9,4.7352147
4.8,4.745379
4.0,4.5135202
4.5,4.7408648
4.4,4.271846
4.6,4.7465506
4.7,4.735161
4.6,4.4779906
4.7,4.7513647
4.6,4.5206904
4.5,4.771775
4.9,4.478341
4.2,4.457657
5.0,4.687104
4.6,4.742301
4.4,4.08205
4.9,4.793028
4.9,4.697855
3.8,4.099456
4.6,4.759529
4.9,4.732129
4.4,4.5257983
4.5,4.7078543
4.6,4.7119403
4.5,4.767686
4.5,4.7652135
4.0,4.474098
4.6,4.74706
4.8,4.732174
4.7,4.1689672
4.6,4.486886
4.7,4.6801143
5.0,4.7057686
4.5,4.660923
4.7,4.697011
4.7,4.695567
4.9,4.688375
4.9,4.7221236
4.5,4.6739984
4.6,4.5580163
4.6,4.6343603
4.8,4.73425
4.7,4.7580013
4.9,4.612423
4.6,4.7133365
4.0,4.558649
4.2,4.583829
4.6,4.7668476
5.0,4.6898
4.8,4.654841
4.8,4.667679
4.0,4.5165806
4.7,4.4891067
4.2,4.553503
4.5,4.503936
4.9,4.73871
4.9,4.677487
4.7,4.7575965
4.5,4.723058
5.0,4.7354665
4.6,4.436481
5.0,4.6799726
4.8,4.7234592
5.0,4.744714
4.9,4.702793
4.8,4.797666
4.6,4.7516403
4.6,4.6472445
4.1,4.618614
3.9,3.9897432
4.7,4.6951885
4.5,4.777105
4.9,4.8225236
4.4,4.504411
4.7,4.593216
4.6,4.765461
4.9,4.504468
4.7,4.754492
4.8,4.6894264
4.0,4.492562
4.9,4.782196
4.8,4.5329223
5.0,4.7470202
4.6,4.711462
4.8,4.6400375
5.0,4.763303
4.9,4.7446394
4.7,4.6467094
4.7,4.690998
4.8,4.458254
4.8,4.8336854
4.7,4.638481
4.5,4.692557
4.6,4.7034903
4.7,4.6523895
4.2,4.544432
5.0,4.512141
4.8,4.7428894
4.9,4.7296433
4.9,4.5633574
4.6,4.7342315
4.8,4.6499615
4.6,4.4517326
3.7,4.0877113
4.5,4.7414327
4.6,4.732249
4.7,4.5844545
4.9,4.7325373
4.2,4.164054
4.7,4.6842504
4.0,4.595876
4.9,4.8068995
4.8,4.7941732
4.8,4.6921663
4.7,4.65631
4.8,4.5381994
4.5,4.7568493
4.6,4.634857
3.6,4.46678
4.9,4.6733427
5.0,4.804454
4.1,4.0448537
4.4,4.6401315
4.7,4.739851
4.7,4.5964737
4.5,4.7228293
4.7,4.6464477
4.7,4.8503995
4.7,4.739991
4.6,4.68241
4.8,4.7346087
4.4,4.502751
4.9,4.644664
4.0,4.599078
4.6,4.745225
4.1,4.6897106
4.8,4.6502843
4.9,4.64079
4.7,4.7424803
3.7,4.042838
4.6,4.4976006
4.7,4.5938697
4.3,4.6206603
5.0,4.6864142
4.8,4.269587
4.9,4.748556
4.7,4.827773
5.0,4.511269
4.5,4.250466
4.1,4.4899607
4.5,4.7496524
4.7,4.5932884
4.8,4.718753
4.0,4.4783936
4.7,4.7572737
5.0,4.7523613
4.9,4.741954
4.9,4.7208204
4.9,4.7676806
4.8,4.583991
4.9,4.653419
4.6,4.6298685
4.8,4.74929
4.6,4.498482
4.7,4.701923
4.2,4.4717426
4.4,4.54957
4.9,4.718157
4.5,4.6965475
4.7,4.7375154
4.9,4.7417235
4.9,4.6787643
4.5,4.8333077
4.9,4.6248374
4.6,4.7355266
4.6,4.6806393
4.8,4.748156
4.9,4.600321
4.9,4.444569
4.8,4.690346
4.8,4.7509165
4.7,4.751104
4.0,4.4114103
4.5,4.735195
3.7,3.9701517
5.0,4.6571403
5.0,4.7072144
4.7,4.6483355
4.9,4.7095127
4.1,4.3993416
4.9,4.747886
4.9,4.625161
5.0,4.473979
4.9,4.6868477
4.8,4.6216235
4.5,4.774976
4.7,4.7495546
4.7,4.7073064
4.3,4.4331217
4.6,4.717982
4.6,4.7244406
4.5,4.0662203
4.5,4.6660147
4.7,4.651529
4.9,4.6664267
4.1,4.278126
4.9,4.7002654
4.7,4.737484
4.1,4.559785
4.6,4.6840153
4.9,4.816848
4.9,4.7496653
4.6,4.772438
4.8,4.7089486
4.5,4.717868
4.8,4.7823944
4.8,4.708936
4.7,4.7150354
4.3,4.2685013
4.6,4.687319
4.7,4.710593
4.6,4.7700915
4.9,4.553635
4.5,4.681261
4.1,4.594962
5.0,4.7284784
4.9,4.5188417
4.6,4.7055416
5.0,4.7245197
4.6,4.751424
4.9,4.6795454
4.0,4.2436814
5.0,4.6716337
4.3,4.678061
4.4,4.530428
4.0,4.5138826
4.6,4.559806
4.9,4.666719
4.9,4.686431
4.8,4.5072
4.8,4.8103642
4.7,4.482321
5.0,4.593338
4.9,4.6754665
4.7,4.7031927
4.9,4.6319656
4.7,4.790539
4.8,4.72626
4.4,4.0363917
4.7,4.790757
4.7,4.6098566
4.1,4.406072
4.6,4.7204576
4.7,4.658874
4.7,4.7102504
4.8,4.721342
4.6,4.7559595
4.7,4.7446647
4.5,4.6906023
3.8,4.367068
5.0,4.6434407
4.4,4.5296984
4.4,4.4601808
4.3,4.488184
4.8,4.686201
4.9,4.6842046
4.6,4.6983786
4.8,4.7450056
4.8,4.6862445
4.7,4.7204695
4.6,4.8228135
4.9,4.731603
4.9,4.720618
4.8,4.662796
4.7,4.709127
4.6,4.649267
5.0,4.8045826
4.8,4.7036443
4.7,4.343744
4.9,4.69601
4.6,4.7571115
3.7,4.4182363
4.8,4.709203
4.9,4.8113
4.8,4.7492576
4.5,4.695903
4.9,4.6498876
4.9,4.687801
4.7,4.725486
4.9,4.7056265
4.3,4.629859
4.8,4.612241
4.8,4.649003
4.9,4.7332554
4.8,4.7070074
4.8,4.7267404
4.9,4.7452817
4.8,4.6977315
4.6,4.6627617
5.0,4.732113
4.6,4.8320723
4.6,4.7285166
4.8,4.6862154
5.0,4.720169
5.0,4.6605372
5.0,4.765066
4.9,4.740696
4.8,4.561016
4.4,4.3578095
4.8,4.724072
4.9,4.6209545
4.7,4.574419
3.9,4.0498247
4.4,4.604373
4.7,4.7190013
4.8,4.704582
5.0,4.681285
4.7,4.624903
5.0,4.7152805
4.6,4.715029
4.8,4.803942
4.9,4.72613
4.6,4.7624664
4.9,4.7533298
4.7,4.6056585
4.9,4.725483
4.8,4.699823
5.0,4.730157
4.8,4.72097
4.5,4.738828
4.4,4.2129307
4.6,4.7020216
4.5,4.8191833
4.6,4.664518
4.4,4.307295
4.9,4.71737
4.0,4.4016705
4.7,4.353624
5.0,4.6485786
4.7,4.759882
4.8,4.7360244
4.9,4.7624426
4.9,4.674263
4.7,4.717187
4.7,4.7144284
4.0,4.5163727
4.9,4.615931
4.0,4.5093575
4.6,4.7462215
4.8,4.699517
4.8,4.6918283
4.3,4.5383635
4.6,4.7088346
4.5,4.6310716
4.7,4.788314
4.6,4.6963058
4.8,4.6182413
4.6,4.7197576
4.7,4.704797
5.0,4.6900578
4.9,4.722778
4.7,4.6828437
4.9,4.6607075
4.9,4.6928177
4.2,4.1429787
4.9,4.703888
4.6,4.77126
4.8,4.831842
3.9,4.4438553
4.7,4.7330847
4.6,4.6413126
4.5,4.7727957
4.5,4.653267
4.9,4.729744
4.5,4.2448297
4.8,4.665278
4.6,4.6710367
4.5,4.644457
4.8,4.520335
3.8,4.3654184
4.6,4.7227206
4.8,4.6821704
4.9,4.698656
4.7,4.7647142
4.8,4.74897
4.9,4.4626527
5.0,4.673011
4.2,4.5065575
4.9,4.5402517
4.7,4.6737356
4.6,4.735801
4.7,4.473222
4.8,4.6515017
4.9,4.7009044
4.8,4.6858487
4.8,4.6434503
4.9,4.7514153
4.1,4.200778
4.8,4.693949
4.7,4.7343373
4.4,4.524338
4.9,4.544959
4.9,4.770457
4.9,4.777704
4.8,4.772313
4.6,4.8445206
3.5,4.376176
4.3,4.507389
4.9,4.691371
4.6,4.735451
4.7,4.6602345
4.9,4.629008
4.9,4.6495647
4.8,4.7319875
4.9,4.731533
4.4,4.5074873
4.6,4.743704
4.5,4.267057
4.7,4.7197957
4.6,4.6920366
4.6,4.4856973
4.8,4.63761
5.0,4.60045
4.7,4.547982
4.9,4.6745987
4.5,4.6632805
4.7,4.7692785
4.2,4.3042574
4.8,4.709653
4.7,4.676632
4.2,4.0508814
4.0,4.485557
4.6,4.77495
4.7,4.5854907
4.5,4.7137585
4.8,4.5856256
4.9,4.5887103
4.6,4.713043
4.8,4.796819
5.0,4.829226
5.0,4.7357087
4.9,4.59529
4.9,4.7114105
5.0,4.7823887
4.8,4.639863
4.8,4.723069
4.9,4.7577877
4.9,4.717372
4.4,4.4265327
4.9,4.747718
4.9,4.681097
4.9,4.714422
4.7,4.6022596
4.8,4.754134
4.9,4.5196905
4.6,4.703461
4.8,4.774501
4.9,4.566206
4.9,4.5089684
4.9,4.7526503
4.6,4.68789
4.8,4.838057
4.1,4.2664866
4.8,4.6760573
5.0,4.70424
4.8,4.7481956
4.6,4.5571585
4.5,4.704393
4.2,4.541354
5.0,4.709196
4.3,4.4996204
4.9,4.7679234
4.5,4.7399516
4.7,4.699348
4.8,4.6427183
4.7,4.6535435
3.6,4.026567
4.8,4.717866
5.0,4.729496
4.7,4.666715
4.6,4.457206
4.9,4.7504125
4.1,4.552331
4.6,4.680737
4.5,4.2320404
4.7,4.7937202
4.9,4.582691
4.2,4.5781155
4.7,4.745376
4.7,4.6828995
4.9,4.4898453
4.6,4.695032
4.2,4.200509
4.7,4.661031
4.8,4.782711
4.2,4.4488125
4.9,4.7247744
4.8,4.59481
4.7,4.8048863
4.5,4.741072
4.9,4.7292852
4.8,4.7039313
4.6,4.6617513
4.5,4.634989
4.6,4.702932
4.9,4.6165476
4.6,4.4863772
4.9,4.6601505
4.8,4.6486206
3.5,4.483272
4.1,4.538072
4.7,4.6670275
4.9,4.5405607
4.8,4.645795
4.8,4.720806
4.7,4.75021
4.7,4.8157635
4.7,4.718608
4.9,4.503404
4.1,4.511278
4.5,4.770337
4.8,4.735512
4.8,4.697481
4.2,4.279562
4.8,4.5884666
4.3,4.289521
4.6,4.7152452
4.6,4.7547145
4.7,4.6600714
4.6,4.747955
4.6,4.735217
4.1,4.0705495
4.8,4.4175463
4.9,4.3491397
4.9,4.4444304
4.8,4.755928
4.1,4.097926
4.9,4.587438
4.6,4.7232466
4.6,4.7307196
4.1,4.5171347
4.7,4.64041
4.6,4.670691
4.9,4.6736116
4.7,4.6605425
4.6,4.6863613
4.7,4.5247746
4.8,4.736232
4.9,4.6866994
4.9,4.65334
4.4,4.4769177
4.5,4.029599
4.7,4.783931
4.7,4.744196
4.6,4.6677084
4.6,4.771424
4.9,4.710174
4.4,4.52888
4.8,4.710442
5.0,4.775446
4.7,4.761163
4.6,4.5160537
4.8,4.7089787
4.6,4.7372665
4.8,4.693841
4.8,4.736227
5.0,4.6748204
4.6,4.672082
4.8,4.701297
4.6,4.6814327
4.5,4.775167
4.8,4.7469177
4.3,4.2546177
4.9,4.747448
4.7,4.75827
4.9,4.7291136
4.7,4.710223
4.5,4.7288575
4.6,4.813777
4.6,4.665516
5.0,4.7368784
4.6,4.556426
4.5,4.6072354
3.8,4.1047373
4.6,4.7269244
4.0,4.111148
4.7,4.752349
4.6,4.744766
4.6,4.7726464
4.8,4.7214017
4.8,4.714924
4.8,4.709709
4.7,4.519641
4.9,4.763392
4.6,4.678965
4.3,4.513652
4.9,4.8290973
4.6,4.7295218
4.6,4.734163
4.9,4.7030873
4.9,4.564258
4.5,4.802559
4.7,4.678463
4.6,4.657497
4.9,4.6138697
4.6,4.6832595
4.6,4.675137
4.9,4.7659655
4.9,4.7405663
4.7,4.7468247
4.9,4.709956
4.8,4.6626987
4.8,4.8029165
4.8,4.6975517
4.6,4.748647
4.6,4.6949577
4.8,4.622528
4.8,4.801565
4.6,4.7136674
5.0,4.683771
4.6,4.8353653
4.1,4.5052156
4.6,4.5697117
4.7,4.778323
4.1,4.5062256
4.3,4.274434
5.0,4.7231364
5.0,4.720422
4.6,4.7345824
4.5,4.771102
4.5,4.5069876
4.7,4.643716
4.5,4.7399845
4.8,4.264899
4.9,4.7669735
4.8,4.5107527
4.3,4.499484
4.8,4.726938
4.5,4.7632127
4.7,4.724018
4.7,4.7233167
5.0,4.743426
4.9,4.7106733
4.6,4.6958284
4.8,4.7236795
4.6,4.7661133
4.2,4.483164
5.0,4.327994
4.2,4.2425847
4.3,4.432033
4.9,4.724729
4.8,4.793361
4.7,4.7370234
4.8,4.67851
4.9,4.7040377
4.5,4.6998634
4.3,4.338291
4.6,4.4970026
4.9,4.709566
4.9,4.7395263
4.7,4.4981947
5.0,4.7452717
4.9,4.50227
4.6,4.740559
5.0,4.6244755
4.7,4.792943
4.8,4.689055
4.7,4.775103
4.3,4.596183
4.6,4.8052216
4.6,4.768812
4.7,4.5858717
4.1,4.278405
4.6,4.684054
4.6,4.723832
4.5,4.7734356
4.9,4.842931
4.9,4.7474995
4.4,4.5261984
4.8,4.57673
4.7,4.7226458
5.0,4.7538958
4.4,4.527649
4.9,4.36989
4.7,4.709697
4.9,4.7799053
4.6,4.4967647
4.6,4.6694837
4.8,4.7353954
4.8,4.659748
4.9,4.684216
4.6,4.726144
4.6,4.48849
4.9,4.7185965
4.6,4.7483373
4.7,4.6331463
4.8,4.6895323
4.9,4.737132
4.5,4.728711
4.8,4.745843
4.5,4.6421847
4.6,4.727212
4.9,4.6988206
4.7,4.38469
4.9,4.611963
5.0,4.656188
4.9,4.752261
4.8,4.588563
4.9,4.8042464
4.7,4.733005
4.6,4.7280407
4.6,4.644468
4.9,4.6875978
4.6,4.723611
4.6,4.8321486
4.8,4.753684
4.8,4.692127
4.5,4.223843
4.9,4.7320347
4.5,4.682542
4.7,4.6373205
4.5,4.7379923
4.7,4.6146235
4.3,4.5995107
4.6,4.6122575
4.6,4.6819887
4.8,4.6651497
4.5,4.67015
5.0,4.7652
4.1,4.5153694
3.9,4.039055
4.8,4.738678
4.3,4.289442
4.1,4.1729107
4.7,4.6926746
4.6,4.7731414
4.6,4.74749
4.6,4.6047997
5.0,4.71934
4.8,4.7466736
4.4,4.249162
4.7,4.5325074
4.6,4.712826
4.6,4.7812004
4.7,4.475255
4.7,4.782091
4.9,4.7208834
4.9,4.5535297
5.0,4.702409
4.8,4.690951
4.9,4.7409754
4.7,4.7031736
4.7,4.567292
4.3,4.5339036
4.8,4.734225
4.9,4.741623
4.8,4.661705
4.9,4.7195663
4.6,4.683069
4.8,4.467664
3.8,4.0868826
4.7,4.7770967
4.6,4.6755004
4.7,4.710822
4.6,4.734441
4.7,4.709689
4.7,4.6882954
3.9,3.918167
4.3,4.240492
4.6,4.7475843
4.6,4.705105
4.8,4.7214193
4.9,4.745224
4.8,4.7370443
5.0,4.488243
4.9,4.6315236
4.7,4.7342553
4.9,4.641835
4.9,4.7258425
4.8,4.84603
4.7,4.7097564
4.8,4.500944
4.9,4.6536226
4.7,4.7725625
4.8,4.748551
4.7,4.69421
4.8,4.8289013
4.6,4.531376
5.0,4.692485
4.5,4.681226
4.5,4.7463083
5.0,4.6963835
4.9,4.741332
4.6,4.7404957
5.0,4.5991926
4.7,4.7695017
4.5,4.677768
4.9,4.782303
4.5,4.7442794
4.8,4.5895767
4.5,4.7692194
3.7,4.0456247
4.0,4.3961773
4.7,4.7647786
4.8,4.6453485
4.6,4.652433
4.6,4.714802
4.3,4.146701
4.9,4.72986
4.6,4.714922
4.6,4.6483216
4.6,4.6626654
4.9,4.356779
4.6,4.721811
4.8,4.746456
4.7,4.698394
4.3,4.1714163
5.0,4.662821
5.0,4.770304
4.1,4.2806377
4.9,4.6897116
4.9,4.7198267
4.8,4.7190685
4.7,4.7338734
4.3,4.5519977
5.0,4.8189573
4.9,4.6971254
4.5,4.6991997
4.5,4.7468777
4.8,4.6753397
4.9,4.71707
4.6,4.7961936
5.0,4.6501503
4.1,4.6399975
4.5,4.708092
4.8,4.683909
4.5,4.1955833
4.2,4.557972
4.3,4.5060844
4.8,4.714817
4.3,4.54827
4.9,4.700036
4.9,4.73765
4.4,4.5509543
4.9,4.6838884
4.8,4.731393
5.0,4.6750417
4.7,4.816154
4.4,4.50434
4.9,4.56687
4.4,4.546505
4.5,4.741148
4.9,4.6086206
4.7,4.658128
4.7,4.731413
4.9,4.4603395
4.3,4.544012
4.8,4.6195555
4.8,4.777674
4.7,4.748143
4.6,4.612278
5.0,4.4758472
4.9,4.5435367
4.9,4.739437
4.9,4.7969246
4.9,4.813102
4.8,4.7045126
5.0,4.670974
4.7,4.5363407
4.6,4.6654515
4.6,4.5601263
4.7,4.703049
4.8,4.707985
4.8,4.6964674
4.9,4.7093153
4.6,4.7509108
4.8,4.730671
5.0,4.7111473
4.8,4.733922
4.7,4.7356067
4.9,4.810026
4.2,4.1023965
4.5,4.73384
4.8,4.636673
4.7,4.713266
3.5,3.984417
5.0,4.5938916
4.8,4.6400757
5.0,4.5242424
4.6,4.623497
4.5,4.7461143
4.6,4.74711
4.9,4.726709
4.3,4.3931327
4.5,4.6981916
4.6,4.6943626
4.7,4.7243104
4.9,4.758881
4.3,4.5030265
4.5,4.6372867
5.0,4.6510057
4.6,4.752287
4.6,4.737132
4.9,4.708001
4.5,4.697717
4.8,4.7145267
4.6,4.657565
4.5,4.716795
4.6,4.691877
4.7,4.7055564
4.0,4.2171493
4.5,4.777448
4.9,4.6714907
4.6,4.6652145
4.1,4.430249
4.6,4.513583
5.0,4.6109548
4.8,4.710994
4.1,4.488189
5.0,4.6714344
4.1,4.0207043
4.8,4.6859035
4.8,4.6818795
4.5,4.0613027
4.8,4.7629547
4.1,4.2999277
4.9,4.633656
4.7,4.650241
3.6,4.505663
4.6,4.700901
4.6,4.86517
5.0,4.667572
4.9,4.750498
4.8,4.6658535
4.8,4.7075486
5.0,4.5770926
5.0,4.706031
4.4,4.496477
4.2,4.255
4.6,4.5343776
4.5,4.024122
4.9,4.67909
4.5,4.684577
4.8,4.8508873
4.7,4.7075233
4.7,4.662053
4.7,4.720832
4.7,4.4564505
5.0,4.739499
4.5,4.7312565
4.1,4.169321
4.8,4.7917223
4.6,4.7567754
4.8,4.762288
4.7,4.750719
4.6,4.701687
4.8,4.6490645
4.8,4.6817536
4.6,4.688821
4.4,4.5274315
4.2,4.528781
4.7,4.7549934
4.5,4.74941
4.6,4.669677
4.2,4.6326685
4.7,4.7344275
4.6,4.6605053
4.6,4.386656
4.7,4.722303
5.0,4.701007
4.8,4.5038114
4.7,4.4541974
4.9,4.736169
4.0,4.519487
5.0,4.719261
4.7,4.6754026
5.0,4.6894684
4.6,4.7094197
4.7,4.5391297
4.5,4.101798
4.9,4.7247906
4.8,4.6573544
4.8,4.4808674
4.9,4.6902885
4.7,4.7225027
4.4,4.2812433
4.6,4.684036
4.0,4.510927
4.6,4.696158
4.7,4.4874606
4.8,4.5024624
4.7,4.7318573
5.0,4.595514
4.9,4.6425395
4.9,4.6686764
4.5,4.7319317
4.6,4.514676
4.7,4.7209578
4.9,4.7929683
4.7,4.727046
4.2,4.3295774
3.7,4.1380844
4.6,4.683769
4.6,4.510524
4.6,4.533614
4.9,4.6876197
4.7,4.740516
4.9,4.631311
4.6,4.7632995
4.5,4.681712
4.8,4.5054407
4.9,4.513715
4.6,4.7113676
4.9,4.690975
4.6,4.525111
4.6,4.7281303
4.6,4.5026145
4.1,4.256523
4.6,4.584934
4.7,4.65622
4.9,4.7243786
4.4,4.5460005
4.0,4.4998293
4.6,4.3598814
4.7,4.719161
4.8,4.525675
5.0,4.4573116
4.6,4.7034082
4.1,4.1398315
4.6,4.6669607
4.7,4.731409
4.6,4.502618
4.8,4.7471642
4.2,4.5158987
4.8,4.68258
4.3,4.524475
4.7,4.7139683
5.0,4.664403
4.3,4.263417
4.8,4.7133455
4.5,4.7726502
5.0,4.740546
4.9,4.5526266
4.6,4.747102
3.8,3.9598384
4.9,4.753153
4.9,4.6594267
4.6,4.7454414
4.1,4.6243587
4.7,4.685108
4.3,4.514678
4.3,4.516118
5.0,4.6624794
4.1,4.510631
4.9,4.714364
4.1,4.2468925
5.0,4.798343
3.4,3.1255314
4.7,4.7211666
4.7,4.7628403
4.6,4.772385
4.5,4.668435
4.6,4.6598625
4.7,4.7373204
4.9,4.7141542
4.9,4.6778445
4.8,4.698237
4.6,4.7225876
4.8,4.7463946
4.7,4.5723867
4.8,4.6228747
5.0,4.7458
4.6,4.856435
4.7,4.67443
4.0,4.560427
4.7,4.7656775
4.6,4.7109613
4.6,4.7496305
4.6,4.5894012
4.1,4.492054
4.8,4.7746744
4.6,4.7016845
4.8,4.7915382
4.5,4.7613764
4.9,4.718733
4.7,4.6204414
4.2,4.5560145
5.0,4.480828
4.9,4.46992
4.7,4.7472525
4.7,4.681945
5.0,4.6469145
5.0,4.598117
4.7,4.6754103
4.3,4.148499
4.8,4.776511
4.7,4.7321844
4.6,4.652487
4.9,4.634961
4.7,4.798036
4.6,4.804488
4.9,4.7150893
4.9,4.7160687
4.4,4.4838867
4.7,4.756491
4.5,4.733136
4.5,4.755269
4.9,4.823742
4.9,4.7443166
4.7,4.7190146
4.9,4.718331
4.8,4.7902703
4.2,4.507512
4.5,4.7203674
4.9,4.808773
3.6,3.9136944
4.5,4.7275863
4.6,4.4595203
4.8,4.6184964
4.4,4.2756457
4.9,4.6366844
4.7,4.72229
4.8,4.7022443
4.9,4.318677
4.6,4.76861
4.8,4.778987
4.5,4.837477
4.8,4.699472
4.5,4.714552
4.8,4.6947327
4.3,4.5481577
4.4,4.4984975
4.6,4.717991
4.1,4.094063
4.9,4.734153
4.7,4.6764235
4.9,4.7005124
4.7,4.820984
4.8,4.6889796
4.6,4.6732845
4.9,4.7418976
5.0,4.4989724
4.9,4.506177
4.6,4.69408
4.3,4.6265516
4.0,4.3977947
4.6,4.681493
5.0,4.698927
4.6,4.7094784
4.1,4.6003428
4.8,4.6502333
4.8,4.7030306
4.9,4.677021
4.7,4.719949
4.9,4.7637815
4.4,4.5043316
4.6,4.7281604
4.7,4.717123
4.7,4.6708074
5.0,4.662895
4.8,4.708108
4.9,4.5679407
5.0,4.800406
4.8,4.806135
4.1,4.071209
4.6,4.693806
4.8,4.717477
4.6,4.654148
4.9,4.699576
4.6,4.621722
4.6,4.632059
4.7,4.670474
4.9,4.751483
4.5,4.697027
4.9,4.745928
4.7,4.193804
4.8,4.720253
5.0,4.709201
4.8,4.735056
4.7,4.6737275
4.6,4.7989674
5.0,4.7530107
4.6,4.5059156
5.0,4.711979
4.4,4.5479555
4.0,4.664195
4.9,4.5595636
5.0,4.7052455
4.5,4.7040176
4.4,4.4768457
4.9,4.729398
5.0,4.7147217
4.8,4.743026
4.7,4.726234
4.6,4.756993
4.7,4.6539826
4.5,4.6613607
4.6,4.697741
4.9,4.633356
4.6,4.6993613
4.4,4.130603
4.5,4.6943083
4.8,4.6885757
4.7,4.718959
4.9,4.7380853
4.3,4.5744767
4.8,4.740481
4.0,4.4364963
4.8,4.6802483
4.5,4.7134485
4.1,4.281959
4.7,4.6770954
5.0,4.7214236
4.9,4.674827
4.9,4.7328796
4.6,4.5113683
4.1,4.245979
4.8,4.7489758
4.3,4.6170106
4.9,4.692317
4.8,4.8007536
3.5,3.155931
4.8,4.657813
4.7,4.806085
4.4,4.576702
4.5,4.6459866
3.5,4.1608973
4.7,4.6608095
4.8,4.8008924
4.5,4.651583
3.6,3.9196382
5.0,4.6316166
4.4,4.513261
4.6,4.7096543
4.9,4.674845
4.3,4.4656377
4.8,4.529672
4.7,4.673126
4.6,4.6969852
4.8,4.7027874
4.0,4.505479
4.8,4.4685335
4.6,4.6752424
3.6,4.1131372
4.5,4.7017856
4.7,4.7340117
4.7,4.7091007
4.8,4.548006
4.8,4.7274714
4.6,4.617752
4.7,4.6566706
4.6,4.5431805
4.1,4.130063
4.9,4.6242266
4.0,4.487394
4.7,4.5031624
4.8,4.714038
4.7,4.8045273
4.9,4.5540333
4.8,4.7187395
5.0,4.6588807
4.7,4.65381
4.5,4.709587
4.6,4.689453
5.0,4.7334495
4.7,4.576747
5.0,4.6760535
4.5,4.7256193
3.7,3.9961293
3.2,3.1963873
4.9,4.734164
4.8,4.689025
5.0,4.69917
4.7,4.6701965
4.9,4.684631
4.8,4.7100906
4.5,4.68364
4.5,4.6798363
4.7,4.410899
5.0,4.705722
4.9,4.7642584
4.2,4.4836683
4.8,4.7260656
4.1,4.4697914
5.0,4.674007
4.8,4.68791
5.0,4.5330563
4.7,4.6823344
5.0,4.6927276
4.3,4.5737095
4.7,4.684348
4.5,4.672566
4.8,4.6561003
4.3,4.4855433
4.9,4.7079372
4.1,4.252933
4.6,4.5028524
4.8,4.7070217
4.9,4.7134533
4.8,4.671015
4.7,4.685309
4.8,4.694724
4.8,4.710188
4.9,4.596717
5.0,4.537137
4.5,4.0296574
4.6,4.700885
4.9,4.725298
4.6,4.5174685
4.9,4.8356056
4.0,4.4698553
4.7,4.590465
4.5,4.065608
4.9,4.745495
5.0,4.6986294
5.0,4.6393223
4.6,4.7079897
5.0,4.7128963
4.8,4.763791
4.7,4.519909
4.7,4.606758
4.5,4.659177
3.6,4.040522
4.6,4.681634
4.8,4.6726456
4.9,4.559962
3.5,3.354289
4.7,4.483097
4.8,4.6431456
4.4,4.597026
5.0,4.639329
4.8,4.639997
4.8,4.815564
4.2,4.5438604
4.3,4.170266
4.8,4.687118
4.8,4.6506233
4.8,4.726504
4.2,4.4953985
4.9,4.7337656
4.8,4.755205
5.0,4.763109
4.3,4.105771
4.7,4.8078537
4.8,4.5393744
4.8,4.7023425
4.8,4.7415905
5.0,4.745487
4.6,4.6926117
4.6,4.728202
4.7,4.722576
4.4,4.4784884
4.7,4.694109
4.7,4.8367763
4.7,4.662951
4.8,4.7302856
4.9,4.6399393
4.9,4.7046432
4.6,4.7260847
4.7,4.7047696
4.7,4.5152664
4.6,4.7293525
4.4,4.470986
4.8,4.710073
4.6,4.6463013
4.8,4.70164
4.6,4.7282143
4.9,4.74761
5.0,4.701062
4.5,4.6681447
4.8,4.7650023
4.8,4.8650303
4.4,4.3222904
4.9,4.59403
4.6,4.7624874
4.5,4.7089024
4.4,4.5222683
4.5,4.72588
4.1,4.477508
4.6,4.579812
4.8,4.7386703
4.7,4.4213715
4.6,4.703562
3.4,3.260358
5.0,4.6219406
4.0,4.5185065
4.7,4.6900773
4.7,4.595336
4.6,4.7073126
4.7,4.6907654
4.7,4.6506844
5.0,4.850245
4.8,4.7756414
4.5,4.5279336
4.5,4.6964774
4.7,4.684345
4.6,4.7259464
4.7,4.73973
4.7,4.695871
4.8,4.7376075
4.6,4.7467775
4.7,4.698695
4.2,4.250274
4.8,4.489619
4.1,4.309848
4.8,4.6818004
4.7,4.567788
4.1,4.4754477
4.9,4.7133837
4.0,4.6053085
4.8,4.6610146
3.6,4.0936522
4.6,4.50808
4.2,4.528457
4.6,4.6809316
4.8,4.6374245
3.8,4.032039
4.6,4.6563044
4.8,4.624932
4.2,4.3803997
4.6,4.695531
4.8,4.768672
4.9,4.7497673
4.6,4.662648
4.2,4.0568995
4.6,4.7235384
5.0,4.5095162
4.0,4.5412025
4.2,4.237376
4.2,4.66166
4.9,4.7668753
4.5,4.6847444
4.2,4.6139407
4.9,4.750478
4.8,4.726383
5.0,4.6795034
4.3,4.5182314
4.0,4.6430416
4.7,4.775566
4.6,4.726454
4.6,4.71822
4.6,4.683506
4.5,4.782378
4.8,4.756792
5.0,4.6317472
4.6,4.5228634
4.9,4.7246284
4.8,4.7749805
5.0,4.688669
4.5,4.7201867
5.0,4.692075
4.0,4.5545363
4.9,4.723163
5.0,4.2779126
4.5,4.7091227
5.0,4.519038
4.4,4.533243
4.7,4.7701855
4.9,4.6785307
3.5,4.1271677
4.8,4.7028513
4.7,4.7519293
4.6,4.7366915
4.7,4.7086062
4.5,4.1094146
4.8,4.5478215
4.0,4.492153
4.6,4.649711
4.8,4.7186475
4.5,4.790995
4.6,4.701145
4.8,4.661687
4.8,4.652193
5.0,4.5936637
4.7,4.714919
4.8,4.550396
5.0,4.779672
4.8,4.705778
5.0,4.500304
5.0,4.654605
4.9,4.7529707
4.3,4.5244365
4.8,4.7095604
5.0,4.472849
4.9,4.1412153
4.8,4.593102
4.7,4.728504
4.6,4.7271214
4.6,4.5273905
4.6,4.7508254
5.0,4.7015314
5.0,4.7010098
4.8,4.68223
4.9,4.757603
4.5,4.591108
4.6,4.7176337
4.8,4.6930494
4.7,4.764943
4.8,4.581943
4.9,4.5239496
4.8,4.7803926
4.2,4.638799
4.6,4.7080603
5.0,4.6195793
5.0,4.491791
4.7,4.570741
4.2,4.3040867
4.8,4.683808
4.7,4.7085776
4.5,4.716666
4.7,4.741186
4.5,4.72923
4.8,4.5013456
4.5,4.7270403
4.9,4.6697674
4.4,4.522545
5.0,4.705264
4.7,4.860017
4.7,4.8074565
4.6,4.6923294
5.0,4.7060275
4.8,4.6767607
4.1,4.4855375
4.5,4.7298374
4.5,4.67968
2.5,3.6662798
4.9,4.691483
4.9,4.782502
4.5,4.721446
4.8,4.3219748
4.6,4.662531
5.0,4.715911
4.6,4.678198
4.3,4.3573093
4.5,4.3643513
4.8,4.715252
4.9,4.7191315
4.9,4.754593
4.9,4.73355
4.7,4.732546
4.8,4.6882033
4.9,4.767989
4.8,4.706052
4.7,4.8150163
4.7,4.7472925
4.9,4.6700706
4.8,4.7286053
4.5,4.565276
4.5,4.767437
4.8,4.6404037
4.8,4.790104
4.8,4.5927687
4.2,4.559183
4.5,4.7592525
4.2,4.4881935
5.0,4.5003657
3.6,4.0662947
4.7,4.768236
4.7,4.7645698
2.8,3.0539873
4.6,4.7001886
4.8,4.628564
4.1,4.508397
4.7,4.672509
4.6,4.7459097
3.2,3.2833512
4.7,4.7130184
4.7,4.7285
4.7,4.6789417
4.3,4.0673165
4.9,4.746851
4.8,4.564316
4.5,4.741513
4.9,4.737796
5.0,4.494006
4.8,4.560935
4.5,4.700012
4.6,4.774642
3.9,4.0287433
4.6,4.6456738
4.9,4.7402797
4.1,4.5279026
4.8,4.6569996
5.0,4.666769
4.9,4.672529
4.8,4.7280188
4.9,4.7721252
4.9,4.727016
4.9,4.7430687
4.8,4.7436132
4.8,4.697694
4.6,4.515025
4.7,4.631333
4.5,4.2223544
